ED, intextSwitchpoint,GPU_time,CPU_time,Threads,GPU_matches,CPU_matches
1, 0, 0:09.97, 0:08.12, 10, 6385689, 6385689
1, 0, 0:09.99, 0:08.11, 10, 6385689, 6385689
1, 0, 0:09.93, 0:14.79, 10, 6385689, 6385689
1, 0, 0:09.94, 0:08.13, 10, 6385689, 6385689
1, 0, 0:09.92, 0:08.14, 10, 6385689, 6385689
2, 0, 0:13.83, 0:11.73, 10, 12870241, 12870241
2, 0, 0:13.87, 0:11.73, 10, 12870241, 12870241
2, 0, 0:13.83, 0:11.71, 10, 12870241, 12870241
2, 0, 0:14.65, 0:11.71, 10, 12870241, 12870241
2, 0, 0:13.89, 0:11.71, 10, 12870241, 12870241
3, 0, 0:22.12, 0:20.88, 10, 23632628, 23632628
3, 0, 0:22.20, 0:20.30, 10, 23632628, 23632628
3, 0, 0:22.21, 0:20.35, 10, 23632628, 23632628
3, 0, 0:22.29, 0:20.62, 10, 23632628, 23632628
3, 0, 0:22.22, 0:20.34, 10, 23632628, 23632628
4, 0, 0:41.55, 0:38.99, 10, 41147035, 41147035
4, 0, 0:41.79, 0:58.47, 10, 41147035, 41147035
4, 0, 0:41.66, 0:38.93, 10, 41147035, 41147035
4, 0, 0:41.75, 0:38.88, 10, 41147035, 41147035
4, 0, 0:41.72, 0:38.78, 10, 41147035, 41147035
5, 0, 1:26.90, 1:47.57, 10, 68767636, 68767636
5, 0, 1:27.09, 1:21.10, 10, 68767636, 68767636
5, 0, 1:27.06, 1:21.08, 10, 68767636, 68767636
5, 0, 1:26.97, 1:21.16, 10, 68767636, 68767636
5, 0, 1:27.63, 1:25.88, 10, 68767636, 68767636
6, 0, 2:27.08, 3:07.80, 10, 110800584, 110800584
6, 0, 2:27.05, 2:14.90, 10, 110800584, 110800584
6, 0, 2:25.83, 2:30.34, 10, 110800584, 110800584
6, 0, 2:26.62, 2:18.15, 10, 110800584, 110800584
6, 0, 2:27.11, 2:44.12, 10, 110800584, 110800584
7, 0, 5:05.23, 5:19.40, 10, 171395835, 171395835
7, 0, 5:04.82, 5:00.82, 10, 171395835, 171395835
7, 0, 5:05.40, 4:40.77, 10, 171395835, 171395835
7, 0, 5:05.23, 5:16.19, 10, 171395835, 171395835
7, 0, 5:04.41, 5:11.07, 10, 171395835, 171395835
8, 0, 11:55.19, 25:53.26, 10, , 254988656
8, 0, 12:10.81, 25:59.96, 10, , 254988656
8, 0, 11:58.73, 26:37.37, 10, , 254988656
8, 0, 11:56.88, 26:08.33, 10, , 254988656
8, 0, 12:07.10, 26:00.66, 10, , 254988656
1, 1, 0:08.30, 0:06.41, 10, 6385689, 6385689
1, 1, 0:08.27, 0:06.40, 10, 6385689, 6385689
1, 1, 0:08.36, 0:06.42, 10, 6385689, 6385689
1, 1, 0:08.23, 0:06.42, 10, 6385689, 6385689
1, 1, 0:08.28, 0:06.39, 10, 6385689, 6385689
1, 2, 0:08.28, 0:06.39, 10, 6385689, 6385689
1, 2, 0:08.18, 0:06.37, 10, 6385689, 6385689
1, 2, 0:08.18, 0:06.36, 10, 6385689, 6385689
1, 2, 0:08.20, 0:06.38, 10, 6385689, 6385689
1, 2, 0:08.20, 0:06.40, 10, 6385689, 6385689
1, 3, 0:08.13, 0:06.35, 10, 6385689, 6385689
1, 3, 0:08.16, 0:06.38, 10, 6385689, 6385689
1, 3, 0:08.18, 0:06.36, 10, 6385689, 6385689
1, 3, 0:08.18, 0:06.35, 10, 6385689, 6385689
1, 3, 0:08.17, 0:06.34, 10, 6385689, 6385689
1, 4, 0:08.12, 0:06.37, 10, 6385689, 6385689
1, 4, 0:08.15, 0:06.35, 10, 6385689, 6385689
1, 4, 0:08.17, 0:06.35, 10, 6385689, 6385689
1, 4, 0:08.12, 0:06.35, 10, 6385689, 6385689
1, 4, 0:08.13, 0:06.34, 10, 6385689, 6385689
1, 5, 0:08.13, 0:06.33, 10, 6385689, 6385689
1, 5, 0:08.18, 0:06.34, 10, 6385689, 6385689
1, 5, 0:08.17, 0:06.33, 10, 6385689, 6385689
1, 5, 0:08.14, 0:06.33, 10, 6385689, 6385689
1, 5, 0:08.13, 0:06.33, 10, 6385689, 6385689
1, 6, 0:08.13, 0:06.32, 10, 6385689, 6385689
1, 6, 0:08.11, 0:06.34, 10, 6385689, 6385689
1, 6, 0:08.10, 0:06.34, 10, 6385689, 6385689
1, 6, 0:08.16, 0:06.34, 10, 6385689, 6385689
1, 6, 0:08.09, 0:06.34, 10, 6385689, 6385689
1, 7, 0:08.11, 0:06.59, 10, 6385689, 6385689
1, 7, 0:08.13, 0:06.34, 10, 6385689, 6385689
1, 7, 0:08.28, 0:06.34, 10, 6385689, 6385689
1, 7, 0:08.13, 0:06.33, 10, 6385689, 6385689
1, 7, 0:08.07, 0:06.35, 10, 6385689, 6385689
1, 8, 0:08.16, 0:06.35, 10, 6385689, 6385689
1, 8, 0:08.09, 0:06.38, 10, 6385689, 6385689
1, 8, 0:08.14, 0:06.30, 10, 6385689, 6385689
1, 8, 0:08.12, 0:06.34, 10, 6385689, 6385689
1, 8, 0:08.18, 0:06.33, 10, 6385689, 6385689
1, 9, 0:08.08, 0:06.34, 10, 6385689, 6385689
1, 9, 0:08.13, 0:06.33, 10, 6385689, 6385689
1, 9, 0:08.14, 0:06.35, 10, 6385689, 6385689
1, 9, 0:08.21, 0:06.35, 10, 6385689, 6385689
1, 9, 0:08.16, 0:06.37, 10, 6385689, 6385689
1, 10, 0:08.17, 0:06.32, 10, 6385689, 6385689
1, 10, 0:08.14, 0:06.33, 10, 6385689, 6385689
1, 10, 0:08.21, 0:06.35, 10, 6385689, 6385689
1, 10, 0:08.16, 0:06.35, 10, 6385689, 6385689
1, 10, 0:08.13, 0:06.33, 10, 6385689, 6385689
2, 1, 0:11.18, 0:09.33, 10, 12870241, 12870241
2, 1, 0:11.12, 0:09.31, 10, 12870241, 12870241
2, 1, 0:11.28, 0:09.34, 10, 12870241, 12870241
2, 1, 0:11.16, 0:09.31, 10, 12870241, 12870241
2, 1, 0:11.10, 0:09.30, 10, 12870241, 12870241
2, 2, 0:11.02, 0:09.22, 10, 12870241, 12870241
2, 2, 0:10.98, 0:09.24, 10, 12870241, 12870241
2, 2, 0:10.99, 0:09.24, 10, 12870241, 12870241
2, 2, 0:11.01, 0:09.21, 10, 12870241, 12870241
2, 2, 0:10.98, 0:09.24, 10, 12870241, 12870241
2, 3, 0:10.96, 0:09.19, 10, 12870241, 12870241
2, 3, 0:10.96, 0:09.18, 10, 12870241, 12870241
2, 3, 0:10.91, 0:09.23, 10, 12870241, 12870241
2, 3, 0:10.94, 0:09.24, 10, 12870241, 12870241
2, 3, 0:10.92, 0:09.27, 10, 12870241, 12870241
2, 4, 0:10.88, 0:09.25, 10, 12870241, 12870241
2, 4, 0:10.93, 0:09.23, 10, 12870241, 12870241
2, 4, 0:10.84, 0:09.20, 10, 12870241, 12870241
2, 4, 0:10.88, 0:09.58, 10, 12870241, 12870241
2, 4, 0:10.86, 0:09.21, 10, 12870241, 12870241
2, 5, 0:10.83, 0:09.22, 10, 12870241, 12870241
2, 5, 0:10.87, 0:09.22, 10, 12870241, 12870241
2, 5, 0:10.93, 0:09.20, 10, 12870241, 12870241
2, 5, 0:10.92, 0:09.22, 10, 12870241, 12870241
2, 5, 0:10.88, 0:09.36, 10, 12870241, 12870241
2, 6, 0:10.88, 0:09.28, 10, 12870241, 12870241
2, 6, 0:10.88, 0:09.23, 10, 12870241, 12870241
2, 6, 0:10.91, 0:09.25, 10, 12870241, 12870241
2, 6, 0:10.89, 0:09.22, 10, 12870241, 12870241
2, 6, 0:10.87, 0:09.24, 10, 12870241, 12870241
2, 7, 0:10.90, 0:09.26, 10, 12870241, 12870241
2, 7, 0:10.90, 0:09.29, 10, 12870241, 12870241
2, 7, 0:10.90, 0:09.28, 10, 12870241, 12870241
2, 7, 0:10.98, 0:09.31, 10, 12870241, 12870241
2, 7, 0:10.85, 0:09.28, 10, 12870241, 12870241
2, 8, 0:10.86, 0:09.26, 10, 12870241, 12870241
2, 8, 0:10.87, 0:09.27, 10, 12870241, 12870241
2, 8, 0:10.90, 0:09.26, 10, 12870241, 12870241
2, 8, 0:10.89, 0:11.13, 10, 12870241, 12870241
2, 8, 0:21.53, 0:13.31, 10, 12870241, 12870241
2, 9, 0:10.92, 0:09.31, 10, 12870241, 12870241
2, 9, 0:10.90, 0:09.30, 10, 12870241, 12870241
2, 9, 0:10.94, 0:09.30, 10, 12870241, 12870241
2, 9, 0:10.83, 0:09.30, 10, 12870241, 12870241
2, 9, 0:10.91, 0:09.30, 10, 12870241, 12870241
2, 10, 0:10.88, 0:09.30, 10, 12870241, 12870241
2, 10, 0:10.86, 0:09.30, 10, 12870241, 12870241
2, 10, 0:10.88, 0:09.31, 10, 12870241, 12870241
2, 10, 0:10.90, 0:09.29, 10, 12870241, 12870241
2, 10, 0:10.84, 0:09.29, 10, 12870241, 12870241
3, 1, 0:18.53, 0:16.86, 10, 23632628, 23632628
3, 1, 0:18.48, 0:16.83, 10, 23632628, 23632628
3, 1, 0:18.46, 0:16.87, 10, 23632628, 23632628
3, 1, 0:18.38, 0:16.91, 10, 23632628, 23632628
3, 1, 0:18.40, 0:16.83, 10, 23632628, 23632628
3, 2, 0:18.11, 0:16.85, 10, 23632628, 23632628
3, 2, 0:18.15, 0:16.84, 10, 23632628, 23632628
3, 2, 0:18.25, 0:16.94, 10, 23632628, 23632628
3, 2, 0:18.09, 0:17.04, 10, 23632628, 23632628
3, 2, 0:18.01, 0:16.82, 10, 23632628, 23632628
3, 3, 0:17.99, 0:17.01, 10, 23632628, 23632628
3, 3, 0:18.03, 0:17.00, 10, 23632628, 23632628
3, 3, 0:18.06, 0:16.99, 10, 23632628, 23632628
3, 3, 0:18.12, 0:17.28, 10, 23632628, 23632628
3, 3, 0:18.08, 0:16.98, 10, 23632628, 23632628
3, 4, 0:17.92, 0:17.19, 10, 23632628, 23632628
3, 4, 0:18.09, 0:17.18, 10, 23632628, 23632628
3, 4, 0:18.08, 0:17.19, 10, 23632628, 23632628
3, 4, 0:18.16, 0:17.17, 10, 23632628, 23632628
3, 4, 0:18.07, 0:17.18, 10, 23632628, 23632628
3, 5, 0:18.07, 0:17.53, 10, 23632628, 23632628
3, 5, 0:18.18, 0:18.43, 10, 23632628, 23632628
3, 5, 0:18.19, 0:17.39, 10, 23632628, 23632628
3, 5, 0:18.10, 0:17.36, 10, 23632628, 23632628
3, 5, 0:18.24, 0:17.38, 10, 23632628, 23632628
3, 6, 0:18.17, 0:17.60, 10, 23632628, 23632628
3, 6, 0:18.19, 0:18.56, 10, 23632628, 23632628
3, 6, 0:18.20, 0:17.60, 10, 23632628, 23632628
3, 6, 0:18.13, 0:17.58, 10, 23632628, 23632628
3, 6, 0:18.22, 0:17.57, 10, 23632628, 23632628
3, 7, 0:18.29, 0:17.74, 10, 23632628, 23632628
3, 7, 0:18.14, 0:18.95, 10, 23632628, 23632628
3, 7, 0:18.28, 0:17.74, 10, 23632628, 23632628
3, 7, 0:18.18, 0:17.81, 10, 23632628, 23632628
3, 7, 0:18.39, 0:17.86, 10, 23632628, 23632628
3, 8, 0:18.33, 0:17.94, 10, 23632628, 23632628
3, 8, 0:18.32, 0:17.94, 10, 23632628, 23632628
3, 8, 0:18.40, 0:17.94, 10, 23632628, 23632628
3, 8, 0:18.29, 0:17.95, 10, 23632628, 23632628
3, 8, 0:18.42, 0:17.97, 10, 23632628, 23632628
3, 9, 0:18.48, 0:18.79, 10, 23632628, 23632628
3, 9, 0:18.51, 0:18.86, 10, 23632628, 23632628
3, 9, 0:18.38, 0:18.87, 10, 23632628, 23632628
3, 9, 0:18.47, 0:18.75, 10, 23632628, 23632628
3, 9, 0:18.42, 0:18.72, 10, 23632628, 23632628
3, 10, 0:18.50, 0:19.07, 10, 23632628, 23632628
3, 10, 0:18.46, 0:18.99, 10, 23632628, 23632628
3, 10, 0:18.39, 0:19.08, 10, 23632628, 23632628
3, 10, 0:18.72, 0:19.18, 10, 23632628, 23632628
3, 10, 0:18.56, 0:19.07, 10, 23632628, 23632628
4, 1, 0:35.68, 0:36.33, 10, 41147035, 41147035
4, 1, 0:35.55, 0:36.36, 10, 41147035, 41147035
4, 1, 0:35.42, 0:36.10, 10, 41147035, 41147035
4, 1, 0:35.67, 0:36.20, 10, 41147035, 41147035
4, 1, 0:35.69, 0:36.25, 10, 41147035, 41147035
4, 2, 0:34.90, 0:36.52, 10, 41147035, 41147035
4, 2, 0:35.03, 0:36.39, 10, 41147035, 41147035
4, 2, 0:35.17, 0:36.54, 10, 41147035, 41147035
4, 2, 0:34.94, 0:39.07, 10, 41147035, 41147035
4, 2, 0:35.10, 0:36.91, 10, 41147035, 41147035
4, 3, 0:34.92, 0:37.11, 10, 41147035, 41147035
4, 3, 0:34.80, 0:37.17, 10, 41147035, 41147035
4, 3, 0:34.99, 0:37.20, 10, 41147035, 41147035
4, 3, 0:35.01, 0:37.10, 10, 41147035, 41147035
4, 3, 0:35.01, 0:37.09, 10, 41147035, 41147035
4, 4, 0:35.24, 0:38.00, 10, 41147035, 41147035
4, 4, 0:35.11, 0:38.36, 10, 41147035, 41147035
4, 4, 0:35.28, 0:37.84, 10, 41147035, 41147035
4, 4, 0:35.28, 0:37.72, 10, 41147035, 41147035
4, 4, 0:35.17, 0:37.82, 10, 41147035, 41147035
4, 5, 0:35.54, 0:38.46, 10, 41147035, 41147035
4, 5, 0:35.33, 0:38.57, 10, 41147035, 41147035
4, 5, 0:35.54, 0:38.61, 10, 41147035, 41147035
4, 5, 0:35.42, 0:38.65, 10, 41147035, 41147035
4, 5, 0:35.41, 0:38.66, 10, 41147035, 41147035
4, 6, 0:35.75, 0:39.16, 10, 41147035, 41147035
4, 6, 0:35.76, 0:39.77, 10, 41147035, 41147035
4, 6, 0:35.54, 0:39.36, 10, 41147035, 41147035
4, 6, 0:35.90, 0:39.28, 10, 41147035, 41147035
4, 6, 0:35.98, 0:39.21, 10, 41147035, 41147035
4, 7, 0:36.18, 0:39.68, 10, 41147035, 41147035
4, 7, 0:36.08, 0:39.70, 10, 41147035, 41147035
4, 7, 0:35.97, 0:39.75, 10, 41147035, 41147035
4, 7, 0:36.15, 0:39.78, 10, 41147035, 41147035
4, 7, 0:36.41, 0:39.68, 10, 41147035, 41147035
4, 8, 0:36.39, 0:40.44, 10, 41147035, 41147035
4, 8, 0:36.48, 0:40.34, 10, 41147035, 41147035
4, 8, 0:36.31, 0:40.42, 10, 41147035, 41147035
4, 8, 0:36.42, 0:40.42, 10, 41147035, 41147035
4, 8, 0:36.46, 0:40.49, 10, 41147035, 41147035
4, 9, 0:37.11, 0:40.95, 10, 41147035, 41147035
4, 9, 0:36.72, 0:41.21, 10, 41147035, 41147035
4, 9, 0:37.00, 0:41.05, 10, 41147035, 41147035
4, 9, 0:37.09, 0:41.06, 10, 41147035, 41147035
4, 9, 0:36.80, 0:41.23, 10, 41147035, 41147035
4, 10, 0:37.23, 0:41.59, 10, 41147035, 41147035
4, 10, 0:37.08, 0:41.63, 10, 41147035, 41147035
4, 10, 0:37.38, 0:42.02, 10, 41147035, 41147035
4, 10, 0:37.45, 0:41.66, 10, 41147035, 41147035
4, 10, 0:37.48, 0:41.58, 10, 41147035, 41147035
5, 1, 1:23.98, 1:28.36, 10, 68767565, 68767566
5, 1, 1:23.54, 1:28.32, 10, 68767565, 68767566
5, 1, 1:22.85, 1:28.52, 10, 68767565, 68767566
5, 1, 1:22.10, 1:28.51, 10, 68767565, 68767566
5, 1, 1:23.31, 1:28.39, 10, 68767565, 68767566
5, 2, 1:25.26, 1:32.53, 10, 68767516, 68767517
5, 2, 1:24.42, 1:32.70, 10, 68767516, 68767517
5, 2, 1:24.97, 1:32.66, 10, 68767516, 68767517
5, 2, 1:25.73, 1:33.18, 10, 68767516, 68767517
5, 2, 1:25.04, 1:32.81, 10, 68767516, 68767517
5, 3, 1:27.71, 1:36.38, 10, 68767484, 68767485
5, 3, 1:27.88, 1:36.67, 10, 68767484, 68767485
5, 3, 1:26.76, 1:36.34, 10, 68767484, 68767485
5, 3, 1:25.76, 1:36.68, 10, 68767484, 68767485
5, 3, 1:26.99, 1:36.37, 10, 68767484, 68767485
5, 4, 1:29.34, 1:39.74, 10, 68767479, 68767479
5, 4, 1:29.62, 1:39.78, 10, 68767479, 68767479
5, 4, 1:29.08, 1:39.73, 10, 68767479, 68767479
5, 4, 1:29.32, 1:39.73, 10, 68767479, 68767479
5, 4, 1:29.88, 1:39.59, 10, 68767479, 68767479
5, 5, 1:31.24, 1:56.71, 10, 68767458, 68767458
5, 5, 1:31.64, 1:42.73, 10, 68767458, 68767458
5, 5, 1:31.83, 1:42.64, 10, 68767458, 68767458
5, 5, 1:31.67, 1:43.22, 10, 68767458, 68767458
5, 5, 1:30.22, 1:42.68, 10, 68767458, 68767458
5, 6, 1:32.24, 1:45.46, 10, 68767455, 68767455
5, 6, 1:33.35, 2:06.10, 10, 68767455, 68767455
5, 6, 1:31.64, 1:55.43, 10, 68767455, 68767455
5, 6, 1:32.06, 1:45.36, 10, 68767455, 68767455
5, 6, 1:32.45, 1:45.66, 10, 68767455, 68767455
5, 7, 1:33.95, 1:47.88, 10, 68767457, 68767457
5, 7, 1:33.88, 1:47.79, 10, 68767457, 68767457
5, 7, 1:34.80, 1:48.04, 10, 68767457, 68767457
5, 7, 1:33.78, 1:47.92, 10, 68767457, 68767457
5, 7, 1:35.03, 1:47.92, 10, 68767457, 68767457
5, 8, 1:35.71, 1:50.29, 10, 68767451, 68767451
5, 8, 1:36.42, 1:50.37, 10, 68767451, 68767451
5, 8, 1:36.13, 1:50.16, 10, 68767451, 68767451
5, 8, 1:36.19, 1:50.25, 10, 68767451, 68767451
5, 8, 1:34.21, 1:50.27, 10, 68767451, 68767451
5, 9, 1:36.87, 1:52.42, 10, 68767446, 68767446
5, 9, 1:36.26, 2:01.03, 10, 68767446, 68767446
5, 9, 1:37.12, 1:52.72, 10, 68767446, 68767446
5, 9, 1:37.78, 1:52.43, 10, 68767446, 68767446
5, 9, 1:37.21, 1:52.61, 10, 68767446, 68767446
5, 10, 1:38.61, 1:54.45, 10, 68767449, 68767449
5, 10, 1:36.55, 1:54.54, 10, 68767449, 68767449
5, 10, 1:39.07, 1:54.78, 10, 68767449, 68767449
5, 10, 1:38.98, 1:55.08, 10, 68767449, 68767449
5, 10, 1:38.23, 1:54.99, 10, 68767449, 68767449
6, 1, 2:28.51, 2:41.27, 10, 110800608, 110800614
6, 1, 2:27.91, 2:41.68, 10, 110800608, 110800614
6, 1, 2:33.21, 2:45.68, 10, 110800608, 110800614
6, 1, 2:27.86, 2:39.23, 10, 110800608, 110800614
6, 1, 2:28.73, 2:39.19, 10, 110800608, 110800614
6, 2, 2:36.77, 2:53.23, 10, 110800629, 110800638
6, 2, 2:37.70, 2:53.42, 10, 110800629, 110800638
6, 2, 2:36.30, 2:53.39, 10, 110800629, 110800638
6, 2, 2:36.13, 2:53.53, 10, 110800629, 110800638
6, 2, 2:37.90, 2:53.32, 10, 110800629, 110800638
6, 3, 2:43.67, 3:05.47, 10, 110800632, 110800643
6, 3, 2:42.26, 3:05.33, 10, 110800632, 110800643
6, 3, 2:42.27, 3:05.18, 10, 110800632, 110800643
6, 3, 2:39.08, 3:04.95, 10, 110800632, 110800643
6, 3, 2:41.43, 3:05.49, 10, 110800632, 110800643
6, 4, 2:47.57, 3:14.99, 10, 110800633, 110800646
6, 4, 2:49.65, 3:15.25, 10, 110800633, 110800646
6, 4, 2:49.50, 3:36.76, 10, 110800633, 110800646
6, 4, 2:47.49, 3:14.87, 10, 110800633, 110800646
6, 4, 2:49.03, 3:15.09, 10, 110800633, 110800646
6, 5, 2:55.97, 3:24.24, 10, 110800639, 110800651
6, 5, 2:57.95, 3:24.28, 10, 110800639, 110800651
6, 5, 2:57.50, 3:24.11, 10, 110800639, 110800651
6, 5, 2:57.60, 3:24.47, 10, 110800639, 110800651
6, 5, 2:56.84, 3:26.94, 10, 110800639, 110800651
6, 6, 3:03.02, 3:34.60, 10, 110800642, 110800654
6, 6, 3:03.40, 3:32.39, 10, 110800642, 110800654
6, 6, 2:59.67, 3:32.40, 10, 110800642, 110800654
6, 6, 3:00.54, 3:37.60, 10, 110800642, 110800654
6, 6, 3:00.33, 3:32.11, 10, 110800642, 110800654
6, 7, 3:06.14, 3:43.65, 10, 110800652, 110800663
6, 7, 3:05.95, 3:40.23, 10, 110800652, 110800663
6, 7, 3:08.51, 3:40.09, 10, 110800652, 110800663
6, 7, 3:04.97, 3:52.46, 10, 110800652, 110800663
6, 7, 3:06.36, 3:43.43, 10, 110800652, 110800663
6, 8, 3:10.57, 3:52.49, 10, 110800652, 110800663
6, 8, 3:12.80, 3:50.39, 10, 110800652, 110800663
6, 8, 3:11.98, 3:47.40, 10, 110800652, 110800663
6, 8, 3:13.25, 4:12.86, 10, 110800652, 110800663
6, 8, 3:14.82, 3:53.70, 10, 110800652, 110800663
6, 9, 3:20.67, 4:05.70, 10, 110800652, 110800663
6, 9, 3:45.52, 4:19.99, 10, 110800652, 110800663
6, 9, 3:19.22, 3:58.51, 10, 110800652, 110800663
6, 9, 3:21.43, 3:58.67, 10, 110800652, 110800663
6, 9, 3:22.75, 4:02.02, 10, 110800652, 110800663
6, 10, 3:25.68, 4:05.38, 10, 110800650, 110800661
6, 10, 3:26.16, 4:07.38, 10, 110800650, 110800661
6, 10, 3:28.23, 4:05.06, 10, 110800650, 110800661
6, 10, 3:25.81, 4:07.19, 10, 110800650, 110800661
6, 10, 3:24.31, 4:48.49, 10, 110800650, 110800661
7, 1, 5:26.50, 6:08.03, 10, 171397067, 171397117
7, 1, 5:25.74, 6:08.76, 10, 171397067, 171397117
7, 1, 5:24.97, 6:07.87, 10, 171397067, 171397117
7, 1, 5:22.01, 6:26.03, 10, 171397067, 171397117
7, 1, 5:22.55, 6:25.53, 10, 171397067, 171397117
7, 2, 5:49.59, 6:55.13, 10, 171397394, 171397477
7, 2, 5:45.20, 7:10.96, 10, 171397394, 171397477
7, 2, 5:48.26, 6:55.21, 10, 171397394, 171397477
7, 2, 5:58.75, 7:01.75, 10, 171397394, 171397477
7, 2, 5:56.46, 7:01.65, 10, 171397394, 171397477
7, 3, 6:17.92, 7:43.15, 10, 171397450, 171397546
7, 3, 6:19.79, 7:41.59, 10, 171397450, 171397546
7, 3, 6:18.65, 7:41.16, 10, 171397450, 171397546
7, 3, 6:17.35, 7:41.48, 10, 171397450, 171397546
7, 3, 6:19.79, 7:41.60, 10, 171397450, 171397546
7, 4, 6:40.97, 8:15.18, 10, 171397485, 171397596
7, 4, 6:38.71, 8:15.31, 10, 171397485, 171397596
7, 4, 6:43.76, 8:14.78, 10, 171397485, 171397596
7, 4, 6:41.45, 8:17.14, 10, 171397485, 171397596
7, 4, 6:41.63, 8:15.39, 10, 171397485, 171397596
7, 5, 6:56.51, 8:43.74, 10, 171397493, 171397614
7, 5, 7:00.13, 8:43.70, 10, 171397493, 171397614
7, 5, 6:59.07, 8:43.79, 10, 171397493, 171397614
7, 5, 6:59.33, 8:45.49, 10, 171397493, 171397614
7, 5, 6:56.51, 8:44.29, 10, 171397493, 171397614
7, 6, 7:15.21, 9:10.44, 10, 171397514, 171397647
7, 6, 7:13.76, 9:10.62, 10, 171397514, 171397647
7, 6, 7:15.55, 9:10.63, 10, 171397514, 171397647
7, 6, 7:16.78, 9:10.45, 10, 171397514, 171397647
7, 6, 7:15.84, 9:10.60, 10, 171397514, 171397647
7, 7, 7:31.28, 9:34.56, 10, 171397546, 171397684
7, 7, 7:31.83, 9:35.18, 10, 171397546, 171397684
7, 7, 7:32.75, 9:35.79, 10, 171397546, 171397684
7, 7, 7:29.61, 9:34.95, 10, 171397546, 171397684
7, 7, 7:34.05, 9:35.23, 10, 171397546, 171397684
7, 8, 7:48.86, 9:58.63, 10, 171397582, 171397727
7, 8, 7:48.49, 9:58.01, 10, 171397582, 171397727
7, 8, 7:53.66, 9:57.79, 10, 171397582, 171397727
7, 8, 7:47.83, 9:57.66, 10, 171397582, 171397727
7, 8, 7:47.17, 9:58.02, 10, 171397582, 171397727
7, 9, 8:00.27, 10:19.58, 10, 171397591, 171397741
7, 9, 8:01.68, 10:19.08, 10, 171397591, 171397741
7, 9, 8:01.93, 10:19.02, 10, 171397591, 171397741
7, 9, 8:02.51, 10:19.66, 10, 171397591, 171397741
7, 9, 7:59.08, 10:19.38, 10, 171397591, 171397741
7, 10, 8:16.36, 10:39.80, 10, 171397610, 171397758
7, 10, 8:13.93, 10:39.61, 10, 171397610, 171397758
7, 10, 8:14.83, 10:39.61, 10, 171397610, 171397758
7, 10, 8:16.23, 10:39.91, 10, 171397610, 171397758
7, 10, 8:14.99, 10:39.73, 10, 171397610, 171397758
8, 1, 33:45.59, 39:52.54, 10, 254989955, 254990056
8, 2, 34:51.91, 42:13.27, 10, 254990098, 254990233
8, 3, 35:10.06, 43:57.20, 10, 254990156, 254990291
8, 4, 36:34.15, 45:24.08, 10, 254990208, 254990348
8, 5, 36:59.05, 46:23.25, 10, 254990229, 254990379
8, 6, 37:18.16, 47:25.31, 10, 254990237, 254990385
8, 7, 37:19.37, 48:03.24, 10, 254990232, 254990382
8, 8, 38:11.50, 49:01.26, 10, 254990239, 254990395
8, 9, 38:18.25, 51:24.98, 10, 254990266, 254990423
8, 10, 39:19.55, 51:05.62, 10, 254990255, 254990414
8, 1, 34:17.10, 40:23.11, 10, 254989955, 254990056
8, 2, 35:10.60, 42:44.01, 10, 254990098, 254990233
8, 3, 35:53.33, 44:43.77, 10, 254990156, 254990291
8, 4, 37:02.86, 46:21.46, 10, 254990208, 254990348
8, 5, 37:11.32, 47:03.53, 10, 254990229, 254990379
8, 7, 37:52.11, 48:42.68, 10, 254990232, 254990382
8, 8, 38:42.67, 50:08.21, 10, 254990239, 254990395
8, 9, 38:46.11, 51:20.09, 10, 254990266, 254990423
8, 10, 39:57.18, 51:57.91, 10, 254990255, 254990414
8, 1, 34:18.12, 41:27.96, 10, 254989955, 254990056
8, 2, 35:24.72, 43:22.89, 10, 254990098, 254990233
8, 3, 35:45.07, 44:38.68, 10, 254990156, 254990291
8, 4, 36:59.21, 47:44.66, 10, 254990208, 254990348
8, 5, 37:23.93, 48:03.42, 10, 254990229, 254990379
8, 7, 38:01.77, 49:25.80, 10, 254990232, 254990382
8, 8, 38:40.75, 50:55.79, 10, 254990239, 254990395
8, 9, 38:59.21, 54:10.32, 10, 254990266, 254990423
8, 10, 39:37.57, 52:07.17, 10, 254990255, 254990414
