ED,intextSwitchpoint,GPU_time,CPU_time,Threads,GPU_matches,CPU_matches
3, 1, 2:38.02, 2:18.73, 1, 23632628, 23632628
3, 1, 2:37.62, 2:19.37, 1, 23632628, 23632628
3, 1, 3:03.46, 2:19.68, 1, 23632628, 23632628
3, 1, 2:37.53, 2:19.56, 1, 23632628, 23632628
3, 1, 2:37.82, 2:20.35, 1, 23632628, 23632628
3, 1, 1:16.54, 1:11.80, 2, 23632628, 23632628
3, 1, 1:16.17, 1:11.89, 2, 23632628, 23632628
3, 1, 1:16.06, 1:12.13, 2, 23632628, 23632628
3, 1, 1:16.37, 1:11.86, 2, 23632628, 23632628
3, 1, 1:16.72, 1:11.94, 2, 23632628, 23632628
3, 1, 0:39.46, 0:37.55, 4, 23632628, 23632628
3, 1, 0:39.58, 0:37.44, 4, 23632628, 23632628
3, 1, 0:39.48, 0:37.42, 4, 23632628, 23632628
3, 1, 0:39.41, 0:37.34, 4, 23632628, 23632628
3, 1, 0:39.15, 0:37.64, 4, 23632628, 23632628
3, 1, 0:21.72, 0:20.22, 8, 23632628, 23632628
3, 1, 0:21.82, 0:20.27, 8, 23632628, 23632628
3, 1, 0:21.63, 0:22.06, 8, 23632628, 23632628
3, 1, 0:21.83, 0:20.33, 8, 23632628, 23632628
3, 1, 0:21.66, 0:20.24, 8, 23632628, 23632628
3, 1, 0:18.40, 0:16.85, 10, 23632628, 23632628
3, 1, 0:18.36, 0:16.83, 10, 23632628, 23632628
3, 1, 0:18.55, 0:19.79, 10, 23632628, 23632628
3, 1, 0:18.36, 0:16.81, 10, 23632628, 23632628
3, 1, 0:18.40, 0:16.85, 10, 23632628, 23632628
3, 3, 2:34.43, 2:22.87, 1, 23632628, 23632628
3, 3, 2:33.08, 2:23.10, 1, 23632628, 23632628
3, 3, 2:33.41, 2:22.95, 1, 23632628, 23632628
3, 3, 2:34.05, 2:23.43, 1, 23632628, 23632628
3, 3, 2:33.65, 2:22.23, 1, 23632628, 23632628
3, 3, 1:13.74, 1:12.65, 2, 23632628, 23632628
3, 3, 1:14.29, 1:12.22, 2, 23632628, 23632628
3, 3, 1:14.23, 1:12.49, 2, 23632628, 23632628
3, 3, 1:13.82, 1:12.60, 2, 23632628, 23632628
3, 3, 1:14.42, 1:12.52, 2, 23632628, 23632628
3, 3, 0:38.20, 0:37.87, 4, 23632628, 23632628
3, 3, 0:38.33, 0:37.74, 4, 23632628, 23632628
3, 3, 0:38.49, 0:37.78, 4, 23632628, 23632628
3, 3, 0:38.51, 0:37.96, 4, 23632628, 23632628
3, 3, 0:38.23, 0:37.95, 4, 23632628, 23632628
3, 3, 0:21.24, 0:20.39, 8, 23632628, 23632628
3, 3, 0:21.26, 0:20.51, 8, 23632628, 23632628
3, 3, 0:21.29, 0:20.40, 8, 23632628, 23632628
3, 3, 0:21.25, 0:20.42, 8, 23632628, 23632628
3, 3, 0:21.21, 0:20.49, 8, 23632628, 23632628
3, 3, 0:17.99, 0:16.99, 10, 23632628, 23632628
3, 3, 0:18.01, 0:17.03, 10, 23632628, 23632628
3, 3, 0:18.05, 0:17.01, 10, 23632628, 23632628
3, 3, 0:18.17, 0:17.00, 10, 23632628, 23632628
3, 3, 0:17.93, 0:16.99, 10, 23632628, 23632628
3, 5, 2:35.29, 2:27.14, 1, 23632628, 23632628
3, 5, 2:34.64, 2:27.02, 1, 23632628, 23632628
3, 5, 2:34.93, 2:26.58, 1, 23632628, 23632628
3, 5, 2:34.30, 2:26.71, 1, 23632628, 23632628
3, 5, 2:34.89, 2:22.93, 1, 23632628, 23632628
3, 5, 1:14.43, 1:14.83, 2, 23632628, 23632628
3, 5, 1:15.01, 1:14.48, 2, 23632628, 23632628
3, 5, 1:15.05, 1:14.27, 2, 23632628, 23632628
3, 5, 1:14.93, 1:14.44, 2, 23632628, 23632628
3, 5, 1:15.00, 1:14.04, 2, 23632628, 23632628
3, 5, 0:38.71, 0:38.53, 4, 23632628, 23632628
3, 5, 0:38.45, 0:56.88, 4, 23632628, 23632628
3, 5, 0:38.46, 0:38.73, 4, 23632628, 23632628
3, 5, 0:38.55, 0:38.75, 4, 23632628, 23632628
3, 5, 0:38.37, 0:38.82, 4, 23632628, 23632628
3, 5, 0:21.35, 0:20.84, 8, 23632628, 23632628
3, 5, 0:21.43, 0:20.93, 8, 23632628, 23632628
3, 5, 0:21.31, 0:20.90, 8, 23632628, 23632628
3, 5, 0:21.21, 0:20.91, 8, 23632628, 23632628
3, 5, 0:21.34, 0:20.84, 8, 23632628, 23632628
3, 5, 0:18.01, 0:17.47, 10, 23632628, 23632628
3, 5, 0:18.16, 0:17.36, 10, 23632628, 23632628
3, 5, 0:18.10, 0:17.37, 10, 23632628, 23632628
3, 5, 0:18.09, 0:17.36, 10, 23632628, 23632628
3, 5, 0:18.14, 0:17.35, 10, 23632628, 23632628
5, 1, 12:22.15, 14:01.22, 1, 68767565, 68767566
5, 1, 12:18.83, 13:41.41, 1, 68767565, 68767566
5, 1, 12:22.67, 13:57.47, 1, 68767565, 68767566
5, 1, 12:21.57, 13:39.43, 1, 68767565, 68767566
5, 1, 12:22.01, 13:46.79, 1, 68767565, 68767566
5, 1, 6:07.92, 6:55.20, 2, 68767565, 68767566
5, 1, 6:08.60, 6:57.04, 2, 68767565, 68767566
5, 1, 6:08.54, 6:58.94, 2, 68767565, 68767566
5, 1, 6:10.52, 6:56.55, 2, 68767565, 68767566
5, 1, 6:08.01, 6:56.50, 2, 68767565, 68767566
5, 1, 3:06.82, 3:33.99, 4, 68767565, 68767566
5, 1, 3:06.43, 3:30.53, 4, 68767565, 68767566
5, 1, 3:06.94, 3:30.18, 4, 68767565, 68767566
5, 1, 3:07.60, 3:30.14, 4, 68767565, 68767566
5, 1, 3:07.92, 3:43.11, 4, 68767565, 68767566
5, 1, 1:39.27, 1:49.35, 8, 68767565, 68767566
5, 1, 1:41.89, 1:48.61, 8, 68767565, 68767566
5, 1, 1:41.27, 1:49.99, 8, 68767565, 68767566
5, 1, 1:39.77, 1:48.57, 8, 68767565, 68767566
5, 1, 1:40.06, 1:48.90, 8, 68767565, 68767566
5, 1, 1:22.08, 1:28.53, 10, 68767565, 68767566
5, 1, 1:23.88, 1:28.29, 10, 68767565, 68767566
5, 1, 1:24.40, 1:28.25, 10, 68767565, 68767566
5, 1, 1:24.35, 1:28.26, 10, 68767565, 68767566
5, 1, 1:24.36, 1:28.53, 10, 68767565, 68767566
5, 3, 12:50.85, 15:15.43, 1, 68767484, 68767485
5, 3, 12:49.12, 15:11.21, 1, 68767484, 68767485
5, 3, 12:52.06, 15:11.39, 1, 68767484, 68767485
5, 3, 12:54.30, 14:59.59, 1, 68767484, 68767485
5, 3, 12:45.58, 15:46.41, 1, 68767484, 68767485
5, 3, 6:24.48, 7:34.87, 2, 68767484, 68767485
5, 3, 6:23.51, 7:31.80, 2, 68767484, 68767485
5, 3, 6:24.07, 7:52.80, 2, 68767484, 68767485
5, 3, 6:24.20, 7:34.27, 2, 68767484, 68767485
5, 3, 6:21.20, 7:35.91, 2, 68767484, 68767485
5, 3, 3:14.78, 3:50.09, 4, 68767484, 68767485
5, 3, 3:14.67, 4:18.18, 4, 68767484, 68767485
5, 3, 3:14.89, 3:51.05, 4, 68767484, 68767485
5, 3, 3:13.95, 3:51.47, 4, 68767484, 68767485
5, 3, 3:15.53, 3:52.35, 4, 68767484, 68767485
5, 3, 1:44.27, 1:58.73, 8, 68767484, 68767485
5, 3, 1:43.59, 2:08.51, 8, 68767484, 68767485
5, 3, 1:44.04, 1:58.89, 8, 68767484, 68767485
5, 3, 1:42.88, 1:58.83, 8, 68767484, 68767485
5, 3, 1:43.38, 2:00.24, 8, 68767484, 68767485
5, 3, 1:26.74, 1:36.96, 10, 68767484, 68767485
5, 3, 1:27.35, 1:36.79, 10, 68767484, 68767485
5, 3, 1:28.28, 1:36.69, 10, 68767484, 68767485
5, 3, 1:26.61, 1:44.05, 10, 68767484, 68767485
5, 3, 1:26.62, 1:36.85, 10, 68767484, 68767485
5, 5, 13:31.47, 15:58.21, 1, 68767458, 68767458
5, 5, 13:22.25, 16:05.21, 1, 68767458, 68767458
5, 5, 13:29.02, 16:05.68, 1, 68767458, 68767458
5, 5, 13:21.62, 16:01.08, 1, 68767458, 68767458
5, 5, 13:21.64, 15:57.18, 1, 68767458, 68767458
5, 5, 6:41.34, 8:06.86, 2, 68767458, 68767458
5, 5, 6:41.78, 8:03.42, 2, 68767458, 68767458
5, 5, 6:41.76, 8:03.47, 2, 68767458, 68767458
5, 5, 6:41.29, 8:06.19, 2, 68767458, 68767458
5, 5, 6:42.03, 8:06.44, 2, 68767458, 68767458
5, 5, 3:24.52, 4:05.20, 4, 68767458, 68767458
5, 5, 3:22.84, 4:05.62, 4, 68767458, 68767458
5, 5, 3:25.67, 4:05.25, 4, 68767458, 68767458
5, 5, 3:23.88, 4:05.78, 4, 68767458, 68767458
5, 5, 3:24.20, 4:06.56, 4, 68767458, 68767458
5, 5, 1:46.88, 2:05.96, 8, 68767458, 68767458
5, 5, 1:48.29, 2:05.91, 8, 68767458, 68767458
5, 5, 1:53.00, 2:05.89, 8, 68767458, 68767458
5, 5, 1:48.23, 2:08.44, 8, 68767458, 68767458
5, 5, 1:48.30, 2:06.28, 8, 68767458, 68767458
5, 5, 1:31.42, 1:43.28, 10, 68767458, 68767458
5, 5, 1:31.27, 1:42.57, 10, 68767458, 68767458
5, 5, 1:30.72, 2:09.10, 10, 68767458, 68767458
5, 5, 1:30.12, 1:42.70, 10, 68767458, 68767458
5, 5, 1:31.09, 1:42.62, 10, 68767458, 68767458