ed,depth,size,time
3,1,598005,
3,1,674769,
3,1,647745,
3,1,650592,
3,1,635442,
3,1,662179,
3,1,662514,
3,1,640291,
3,1,695625,
3,1,662110,
3,1,697485,
3,1,597925,
3,1,715790,
3,1,710859,
3,1,633400,
3,1,681153,
3,1,622760,
3,1,629669,
3,1,653776,
3,1,686497,
3,1,730683,
3,1,679291,
3,1,633956,
3,1,680324,
3,1,648925,
3,1,643664,
3,1,676442,
3,1,654631,
3,1,656516,
3,1,627496,
3,1,674606,
3,1,674518,
3,1,587222,
3,1,645791,
3,1,680525,
3,1,632278,
3,1,661792,
3,1,664043,
3,1,585810,
3,1,640759,
3,2,847219,
3,2,809545,
3,2,862097,
3,2,865490,
3,2,900088,
3,2,874155,
3,2,888259,
3,2,886491,
3,2,929361,
3,2,958244,
3,2,797206,
3,2,844853,
3,2,933436,
3,2,838667,
3,2,890781,
3,2,954441,
3,2,838452,
3,2,908427,
3,2,849102,
3,2,916391,
3,2,907424,
3,2,971687,
3,2,871556,
3,2,905323,
3,2,908891,
3,2,844246,
3,2,880949,
3,2,869007,
3,2,868747,
3,2,790145,
3,2,900919,
3,2,876073,
3,2,902987,
3,2,867778,
3,2,788381,
3,2,886334,
3,2,889140,
3,2,859477,
3,2,918815,
3,2,849127,
3,3,1141911,
3,3,1130100,
3,3,1098824,
3,3,1116766,
3,3,1099658,
3,3,1148670,
3,3,1138831,
3,3,1067288,
3,3,1138633,
3,3,1188433,
3,3,1198984,
3,3,1023892,
3,3,1222950,
3,3,1209854,
3,3,1076903,
3,3,1095878,
3,3,1092817,
3,3,1099365,
3,3,1171611,
3,3,1243140,
3,3,1174984,
3,3,1173293,
3,3,1087383,
3,3,1187235,
3,3,1101787,
3,3,1164062,
3,3,1125226,
3,3,1034814,
3,3,1118821,
3,3,1138732,
3,3,1146659,
3,3,1095632,
3,3,1162845,
3,3,1121362,
3,3,1084977,
3,3,1139769,
3,3,1010468,
3,3,1141559,
3,3,1154317,
3,3,1082726,
3,4,1287542,
3,4,1219235,
3,4,1301131,
3,4,1239780,
3,4,1232020,
3,4,1277184,
3,4,1269866,
3,4,1292919,
3,4,1294751,
3,4,1327128,
3,4,1306533,
3,4,1372303,
3,4,1377553,
3,4,1355707,
3,4,1212006,
3,4,1159095,
3,4,1243955,
3,4,1341092,
3,4,1239104,
3,4,1245194,
3,4,1227145,
3,4,1302523,
3,4,1396793,
3,4,1323780,
3,4,1333695,
3,4,1264511,
3,4,1285654,
3,4,1170889,
3,4,1247571,
3,4,1310647,
3,4,1293746,
3,4,1235531,
3,4,1277096,
3,4,1270592,
3,4,1223546,
3,4,1319439,
3,4,1287195,
3,4,1288110,
3,4,1144457,
3,4,1235374,
3,5,1318167,
3,5,1373460,
3,5,1404529,
3,5,1391131,
3,5,1338794,
3,5,1378345,
3,5,1330412,
3,5,1394874,
3,5,1251453,
3,5,1433141,
3,5,1400533,
3,5,1463098,
3,5,1482025,
3,5,1488428,
3,5,1340117,
3,5,1409149,
3,5,1308400,
3,5,1336653,
3,5,1445821,
3,5,1345159,
3,5,1439113,
3,5,1427062,
3,5,1408438,
3,5,1325875,
3,5,1503675,
3,5,1348839,
3,5,1374217,
3,5,1381859,
3,5,1264513,
3,5,1387427,
3,5,1397716,
3,5,1363235,
3,5,1415711,
3,5,1339516,
3,5,1427590,
3,5,1385881,
3,5,1336568,
3,5,1322242,
3,5,1237368,
3,5,1389961,
3,6,1493136,
3,6,1527711,
3,6,1435773,
3,6,1448484,
3,6,1506428,
3,6,1448232,
3,6,1508713,
3,6,1491869,
3,6,1551567,
3,6,1359315,
3,6,1519325,
3,6,1528084,
3,6,1611018,
3,6,1599556,
3,6,1586080,
3,6,1455941,
3,6,1418786,
3,6,1433156,
3,6,1627493,
3,6,1462158,
3,6,1527809,
3,6,1450352,
3,6,1550220,
3,6,1563977,
3,6,1562497,
3,6,1500608,
3,6,1489738,
3,6,1506506,
3,6,1536224,
3,6,1373464,
3,6,1468116,
3,6,1513302,
3,6,1541932,
3,6,1451537,
3,6,1343224,
3,6,1501542,
3,6,1504542,
3,6,1431375,
3,6,1478816,
3,6,1443858,
3,7,1569560,
3,7,1608157,
3,7,1587641,
3,7,1513320,
3,7,1525853,
3,7,1589242,
3,7,1525348,
3,7,1571800,
3,7,1601871,
3,7,1684157,
3,7,1608495,
3,7,1432136,
3,7,1633309,
3,7,1694788,
3,7,1669969,
3,7,1531510,
3,7,1539941,
3,7,1510660,
3,7,1494119,
3,7,1711307,
3,7,1645048,
3,7,1610641,
3,7,1630936,
3,7,1645162,
3,7,1526840,
3,7,1548807,
3,7,1581846,
3,7,1555008,
3,7,1570463,
3,7,1445768,
3,7,1585485,
3,7,1617639,
3,7,1594526,
3,7,1533194,
3,7,1507994,
3,7,1584488,
3,7,1416458,
3,7,1578936,
3,7,1624936,
3,7,1522848,
3,8,1668147,
3,8,1665466,
3,8,1647437,
3,8,1649957,
3,8,1599040,
3,8,1689252,
3,8,1600450,
3,8,1591046,
3,8,1709999,
3,8,1684904,
3,8,1753267,
3,8,1503563,
3,8,1683396,
3,8,1777980,
3,8,1767489,
3,8,1607160,
3,8,1618346,
3,8,1728830,
3,8,1566535,
3,8,1586099,
3,8,1602189,
3,8,1791748,
3,8,1688635,
3,8,1710757,
3,8,1726055,
3,8,1662425,
3,8,1664118,
3,8,1673257,
3,8,1627221,
3,8,1650621,
3,8,1631017,
3,8,1697941,
3,8,1517799,
3,8,1611872,
3,8,1657292,
3,8,1709339,
3,8,1581839,
3,8,1661952,
3,8,1601033,
3,8,1488942,
3,9,1677621,
3,9,1747894,
3,9,1680249,
3,9,1774309,
3,9,1745221,
3,9,1731705,
3,9,1673950,
3,9,1724992,
3,9,1838015,
3,9,1768516,
3,9,1765455,
3,9,1578369,
3,9,1849205,
3,9,1685925,
3,9,1862704,
3,9,1793157,
3,9,1642580,
3,9,1698877,
3,9,1660648,
3,9,1680128,
3,9,1795859,
3,9,1772107,
3,9,1812917,
3,9,1875847,
3,9,1810079,
3,9,1710624,
3,9,1747222,
3,9,1710223,
3,9,1592120,
3,9,1781005,
3,9,1745819,
3,9,1690465,
3,9,1753476,
3,9,1737386,
3,9,1731836,
3,9,1562876,
3,9,1741014,
3,9,1657325,
3,9,1791164,
3,9,1676623,
3,10,1809180,
3,10,1734032,
3,10,1738987,
3,10,1785395,
3,10,1808417,
3,10,1792489,
3,10,1837253,
3,10,1737188,
3,10,1831457,
3,10,1927447,
3,10,1827006,
3,10,1856412,
3,10,1901484,
3,10,1633101,
3,10,1742618,
3,10,1912578,
3,10,1738872,
3,10,1875291,
3,10,1700514,
3,10,1718792,
3,10,1834837,
3,10,1758290,
3,10,1857836,
3,10,1937075,
3,10,1873046,
3,10,1810866,
3,10,1769561,
3,10,1647881,
3,10,1772708,
3,10,1806207,
3,10,1792895,
3,10,1816774,
3,10,1797706,
3,10,1843726,
3,10,1753461,
3,10,1621054,
3,10,1854918,
3,10,1715413,
3,10,1737253,
3,10,1800484,
5,1,7004419,
5,1,6944981,
5,1,7420266,
5,1,7473232,
5,1,7789088,
5,1,7368586,
5,1,7490442,
5,1,7458788,
5,1,7150106,
5,1,7916306,
5,1,7308881,
5,1,7602851,
5,1,7926449,
5,1,6437293,
5,1,7682629,
5,1,6646632,
5,1,6653393,
5,1,6638442,
5,1,7006801,
5,1,7645957,
5,1,6977608,
5,1,7362626,
5,1,7032672,
5,1,7994430,
5,1,7536288,
5,1,7447845,
5,1,7535161,
5,1,7153987,
5,1,6242169,
5,1,6905237,
5,1,7352072,
5,1,7423997,
5,1,7783759,
5,1,8147267,
5,1,7204782,
5,1,6463882,
5,1,6885822,
5,1,7157119,
5,1,7111755,
5,1,7527499,
5,2,8981220,
5,2,10067326,
5,2,9636031,
5,2,9664722,
5,2,9053882,
5,2,9479460,
5,2,9682416,
5,2,9558028,
5,2,9295049,
5,2,8318293,
5,2,8654078,
5,2,9751785,
5,2,9974002,
5,2,10165102,
5,2,9372574,
5,2,10264125,
5,2,8633202,
5,2,8546886,
5,2,9083926,
5,2,9904874,
5,2,9548466,
5,2,9011886,
5,2,9059530,
5,2,10367409,
5,2,9636020,
5,2,9756066,
5,2,9796395,
5,2,9225655,
5,2,8130447,
5,2,8872653,
5,2,9521038,
5,2,9528918,
5,2,10031914,
5,2,10507351,
5,2,9285110,
5,2,8882855,
5,2,9261341,
5,2,8442325,
5,2,9131149,
5,2,9743429,
5,3,12037884,
5,3,11253847,
5,3,11594971,
5,3,11424360,
5,3,11334561,
5,3,10765269,
5,3,11444069,
5,3,10813577,
5,3,9945596,
5,3,11107653,
5,3,11148514,
5,3,11897667,
5,3,12016190,
5,3,10472585,
5,3,12205514,
5,3,11514347,
5,3,10332664,
5,3,10230629,
5,3,10748592,
5,3,10847062,
5,3,11439392,
5,3,10754406,
5,3,11811528,
5,3,12413272,
5,3,11707211,
5,3,11485682,
5,3,11725121,
5,3,11000866,
5,3,9830678,
5,3,11390272,
5,3,10537846,
5,3,11312586,
5,3,11910241,
5,3,12393470,
5,3,10571371,
5,3,11080754,
5,3,10999542,
5,3,10114185,
5,3,10867805,
5,3,11493157,
5,4,11953556,
5,4,11881020,
5,4,12646224,
5,4,13300288,
5,4,12416211,
5,4,12817641,
5,4,12519679,
5,4,12597744,
5,4,12260657,
5,4,10989851,
5,4,13516259,
5,4,12696211,
5,4,13223363,
5,4,12246778,
5,4,13160544,
5,4,11608682,
5,4,11442745,
5,4,11297324,
5,4,13066393,
5,4,11900141,
5,4,12647914,
5,4,12001877,
5,4,11847000,
5,4,13726522,
5,4,12926765,
5,4,12682292,
5,4,10892454,
5,4,12145270,
5,4,13001108,
5,4,12433235,
5,4,11647346,
5,4,12579214,
5,4,13136389,
5,4,13663362,
5,4,12229574,
5,4,11663057,
5,4,12199410,
5,4,11240453,
5,4,11979503,
5,4,12696002,
5,5,13530280,
5,5,13772682,
5,5,12849705,
5,5,12783298,
5,5,13461309,
5,5,13594967,
5,5,13334420,
5,5,14291790,
5,5,13195931,
5,5,11821886,
5,5,14178712,
5,5,12492547,
5,5,13136195,
5,5,13630190,
5,5,14177288,
5,5,14559561,
5,5,12122544,
5,5,12333454,
5,5,12815980,
5,5,12917236,
5,5,13631107,
5,5,14032394,
5,5,12729782,
5,5,14770896,
5,5,13904670,
5,5,13630390,
5,5,11738573,
5,5,14018405,
5,5,13057488,
5,5,12509771,
5,5,13522380,
5,5,13320107,
5,5,14103397,
5,5,14690440,
5,5,13142235,
5,5,12536222,
5,5,12144156,
5,5,13138206,
5,5,12869545,
5,5,13636760,
5,6,13649073,
5,6,13719707,
5,6,14409921,
5,6,14357861,
5,6,14206103,
5,6,14685128,
5,6,14489624,
5,6,15241020,
5,6,14087854,
5,6,12621555,
5,6,13982138,
5,6,15133903,
5,6,15541512,
5,6,15084430,
5,6,14508436,
5,6,13354001,
5,6,13185051,
5,6,12927075,
5,6,13675701,
5,6,14954179,
5,6,13791172,
5,6,14567124,
5,6,13581911,
5,6,15766950,
5,6,14534311,
5,6,14840020,
5,6,14990143,
5,6,13931089,
5,6,12555460,
5,6,14425708,
5,6,13333662,
5,6,14173045,
5,6,15024643,
5,6,15645633,
5,6,14013512,
5,6,13369326,
5,6,14022999,
5,6,12996721,
5,6,13719571,
5,6,14512753,
5,7,15137763,
5,7,15419479,
5,7,16007304,
5,7,15232665,
5,7,14921872,
5,7,14422904,
5,7,14348012,
5,7,15097296,
5,7,14817585,
5,7,13272568,
5,7,14675899,
5,7,16357246,
5,7,15234397,
5,7,15918666,
5,7,15818774,
5,7,14041498,
5,7,13884068,
5,7,13573480,
5,7,15701671,
5,7,14277232,
5,7,15340417,
5,7,14503254,
5,7,14391094,
5,7,16574820,
5,7,15601621,
5,7,15268260,
5,7,14649569,
5,7,15789279,
5,7,13216233,
5,7,14859326,
5,7,14009027,
5,7,15159062,
5,7,15772373,
5,7,16446291,
5,7,14723237,
5,7,14051002,
5,7,14757490,
5,7,13707426,
5,7,14419927,
5,7,15244082,
5,8,15782140,
5,8,15916324,
5,8,15802043,
5,8,15584608,
5,8,15074797,
5,8,14989298,
5,8,16096916,
5,8,16717386,
5,8,13873545,
5,8,15487156,
5,8,15911371,
5,8,16499529,
5,8,14677505,
5,8,15308073,
5,8,17114515,
5,8,16644465,
5,8,14528899,
5,8,14178396,
5,8,16397066,
5,8,15051172,
5,8,14920153,
5,8,15162627,
5,8,16051047,
5,8,17319905,
5,8,15951391,
5,8,16304038,
5,8,15309198,
5,8,13830549,
5,8,15835709,
5,8,16532566,
5,8,15491232,
5,8,14638842,
5,8,16466490,
5,8,17186067,
5,8,14683454,
5,8,15381057,
5,8,14364292,
5,8,15442322,
5,8,15067538,
5,8,15920404,
5,9,15704077,
5,9,16444841,
5,9,15612582,
5,9,16751200,
5,9,16573264,
5,9,17405369,
5,9,16433685,
5,9,16219936,
5,9,16132684,
5,9,16555813,
5,9,14458797,
5,9,17150866,
5,9,17828592,
5,9,17336958,
5,9,15298338,
5,9,15927519,
5,9,15155665,
5,9,14756476,
5,9,17061211,
5,9,15684281,
5,9,15801569,
5,9,15541978,
5,9,16743496,
5,9,18042010,
5,9,16979999,
5,9,16601269,
5,9,15945558,
5,9,17244348,
5,9,14429048,
5,9,16488754,
5,9,15238313,
5,9,16098281,
5,9,17131857,
5,9,17893089,
5,9,16011010,
5,9,15292779,
5,9,16095230,
5,9,14993506,
5,9,15689560,
5,9,16552592,
5,10,17008232,
5,10,16252583,
5,10,16777237,
5,10,17148940,
5,10,18001405,
5,10,17005600,
5,10,16153945,
5,10,17314851,
5,10,14970084,
5,10,16700091,
5,10,15826396,
5,10,16465843,
5,10,18462463,
5,10,17717579,
5,10,17947022,
5,10,17122833,
5,10,15263333,
5,10,15702913,
5,10,17639896,
5,10,16242431,
5,10,16355792,
5,10,16090122,
5,10,17349033,
5,10,18667224,
5,10,17570898,
5,10,17170088,
5,10,16500525,
5,10,17873793,
5,10,14946409,
5,10,15760988,
5,10,17059857,
5,10,16627158,
5,10,17717394,
5,10,18521456,
5,10,16564045,
5,10,15831097,
5,10,15552631,
5,10,16670857,
5,10,16234334,
5,10,17119279,
7,1,29806984,
7,1,29902097,
7,1,31313207,
7,1,30799147,
7,1,30846389,
7,1,32565600,
7,1,32973625,
7,1,33309284,
7,1,30570617,
7,1,29806713,
7,1,31015871,
7,1,28117415,
7,1,34434553,
7,1,30658363,
7,1,33258455,
7,1,32132305,
7,1,28377290,
7,1,28802371,
7,1,30111754,
7,1,29995067,
7,1,28547436,
7,1,34004748,
7,1,30954118,
7,1,33686685,
7,1,32240012,
7,1,32110315,
7,1,29809051,
7,1,32131843,
7,1,28018371,
7,1,31385553,
7,1,30291575,
7,1,31059976,
7,1,32495336,
7,1,33991120,
7,1,30456783,
7,1,30740071,
7,1,30246324,
7,1,29028809,
7,1,28248781,
7,1,31802137,
7,2,40438063,
7,2,41801591,
7,2,40865412,
7,2,41667752,
7,2,42079011,
7,2,44402723,
7,2,44105062,
7,2,44728787,
7,2,40241168,
7,2,41986648,
7,2,41788132,
7,2,38389765,
7,2,46154639,
7,2,41046784,
7,2,44778985,
7,2,43388436,
7,2,39439510,
7,2,38565434,
7,2,40953990,
7,2,38423861,
7,2,40628990,
7,2,45362332,
7,2,41592791,
7,2,45736718,
7,2,43381671,
7,2,43732938,
7,2,40136953,
7,2,38281695,
7,2,42360199,
7,2,43267583,
7,2,41277375,
7,2,41771358,
7,2,43921115,
7,2,41518476,
7,2,41264551,
7,2,45734858,
7,2,38798307,
7,2,39266456,
7,2,41050784,
7,2,42889310,
7,3,50550071,
7,3,48840578,
7,3,50427718,
7,3,49676385,
7,3,53815375,
7,3,52769626,
7,3,50120622,
7,3,53791707,
7,3,50613006,
7,3,48375704,
7,3,49229998,
7,3,55270095,
7,3,50536727,
7,3,53730114,
7,3,52217238,
7,3,46686707,
7,3,46658717,
7,3,47886057,
7,3,46316034,
7,3,54285429,
7,3,49390488,
7,3,50088255,
7,3,49061094,
7,3,55369574,
7,3,52250561,
7,3,52909248,
7,3,48289786,
7,3,46464390,
7,3,51026352,
7,3,49893799,
7,3,52069898,
7,3,50180148,
7,3,52927724,
7,3,54843280,
7,3,49871167,
7,3,49972449,
7,3,49483753,
7,3,47411038,
7,3,47127403,
7,3,51429017,
7,4,56596085,
7,4,55225464,
7,4,56427934,
7,4,57052046,
7,4,59491900,
7,4,57019316,
7,4,60954831,
7,4,60692593,
7,4,57317162,
7,4,57107505,
7,4,54514119,
7,4,52907822,
7,4,55321362,
7,4,62255572,
7,4,60574647,
7,4,58971728,
7,4,54343282,
7,4,52766941,
7,4,55981930,
7,4,61056818,
7,4,55485699,
7,4,56505023,
7,4,52259389,
7,4,62686709,
7,4,58910251,
7,4,59960579,
7,4,58796093,
7,4,54441417,
7,4,52619842,
7,4,56546838,
7,4,57526506,
7,4,56509946,
7,4,59821428,
7,4,55999788,
7,4,56403406,
7,4,53577497,
7,4,56458021,
7,4,53590124,
7,4,61884746,
7,4,58067657,
7,5,62092231,
7,5,62689958,
7,5,60637580,
7,5,62527707,
7,5,65228229,
7,5,62237726,
7,5,67013012,
7,5,66565021,
7,5,63047917,
7,5,59705033,
7,5,62688928,
7,5,60506861,
7,5,68194546,
7,5,58172507,
7,5,64738200,
7,5,66389320,
7,5,59860179,
7,5,57943984,
7,5,60967744,
7,5,61604748,
7,5,57337384,
7,5,62006835,
7,5,66776657,
7,5,68921138,
7,5,64572478,
7,5,65960270,
7,5,59663577,
7,5,64527426,
7,5,63050091,
7,5,57859237,
7,5,62164135,
7,5,61876987,
7,5,65685438,
7,5,62089697,
7,5,61883976,
7,5,61521113,
7,5,67913697,
7,5,59093425,
7,5,58863542,
7,5,63716258,
7,6,67119181,
7,6,65610525,
7,6,67571805,
7,6,67583057,
7,6,67859328,
7,6,72574015,
7,6,71970366,
7,6,70476208,
7,6,64439405,
7,6,68284918,
7,6,67786567,
7,6,63022201,
7,6,73612859,
7,6,65233071,
7,6,71672931,
7,6,70017904,
7,6,64916181,
7,6,62693657,
7,6,66730775,
7,6,72018656,
7,6,62012021,
7,6,65984193,
7,6,67060837,
7,6,74652847,
7,6,69772762,
7,6,71449964,
7,6,64452069,
7,6,69787235,
7,6,62659749,
7,6,68108962,
7,6,67298629,
7,6,66785143,
7,6,67248770,
7,6,66557063,
7,6,66915540,
7,6,71060301,
7,6,73408245,
7,6,63696193,
7,6,64138251,
7,6,68855413,
7,7,72064928,
7,7,70013363,
7,7,71566067,
7,7,72461833,
7,7,75145456,
7,7,77510643,
7,7,72353013,
7,7,76729321,
7,7,72931758,
7,7,68629502,
7,7,72331504,
7,7,78448393,
7,7,67304834,
7,7,69408064,
7,7,74708333,
7,7,76360557,
7,7,66895929,
7,7,69409462,
7,7,66156893,
7,7,70444395,
7,7,71556719,
7,7,71304346,
7,7,76670318,
7,7,79753011,
7,7,74381154,
7,7,76327036,
7,7,68679499,
7,7,74457522,
7,7,66908967,
7,7,72578155,
7,7,71854767,
7,7,71118748,
7,7,75812882,
7,7,71375024,
7,7,71037632,
7,7,71846373,
7,7,78307272,
7,7,68631727,
7,7,67995966,
7,7,73446179,
7,8,76729955,
7,8,75704294,
7,8,74090481,
7,8,76230270,
7,8,76807330,
7,8,81150860,
7,8,79482689,
7,8,82080639,
7,8,72495681,
7,8,77216831,
7,8,76535656,
7,8,71278566,
7,8,73261517,
7,8,82923752,
7,8,80700353,
7,8,79060917,
7,8,70797480,
7,8,73586579,
7,8,74590644,
7,8,75546221,
7,8,70006865,
7,8,75726296,
7,8,80991741,
7,8,84488954,
7,8,78654279,
7,8,72598220,
7,8,80858076,
7,8,76725584,
7,8,70851431,
7,8,78790453,
7,8,76081129,
7,8,75128376,
7,8,75515562,
7,8,76122386,
7,8,80228876,
7,8,82858402,
7,8,72821169,
7,8,75188790,
7,8,71976572,
7,8,77714818,
7,9,77949904,
7,9,80765064,
7,9,79608099,
7,9,80182040,
7,9,81043528,
7,9,83602328,
7,9,86418481,
7,9,85381293,
7,9,76158144,
7,9,81283573,
7,9,80505595,
7,9,84797081,
7,9,87145766,
7,9,76924479,
7,9,75056803,
7,9,83186098,
7,9,77534572,
7,9,74483815,
7,9,79560187,
7,9,78513871,
7,9,73659434,
7,9,85070664,
7,9,79695740,
7,9,88980232,
7,9,82697595,
7,9,85126941,
7,9,76308568,
7,9,74608822,
7,9,80643441,
7,9,82913260,
7,9,80058760,
7,9,78908091,
7,9,80189614,
7,9,79440746,
7,9,84422390,
7,9,87162325,
7,9,76762475,
7,9,79113852,
7,9,75747884,
7,9,81742503,
7,10,83208764,
7,10,83834636,
7,10,81526900,
7,10,84518395,
7,10,87403833,
7,10,84967455,
7,10,90416126,
7,10,89290364,
7,10,85039498,
7,10,79530807,
7,10,84185482,
7,10,80289556,
7,10,91055942,
7,10,78542011,
7,10,88576724,
7,10,87005611,
7,10,77886559,
7,10,81186765,
7,10,83287095,
7,10,82151693,
7,10,77040118,
7,10,88839329,
7,10,83362892,
7,10,93134435,
7,10,86438822,
7,10,79722563,
7,10,89078042,
7,10,84252529,
7,10,78067922,
7,10,86725476,
7,10,83731342,
7,10,82383115,
7,10,83066418,
7,10,88301144,
7,10,91147261,
7,10,83952654,
7,10,82735478,
7,10,79241963,
7,10,80429156,
7,10,85486230,
